<?xml version="1.0" encoding="UTF-8" standalone="yes"?>
<addon id="repository.diamond.exodusredux" name="Exodus Redux Repo (Diamond Mod)" version="1.1" provider-name="I-A-C">
<extension point="xbmc.addon.repository" name="Exodus Redux Repo(Diamond Mod)">

<dir>
<info compressed="false">https://raw.githubusercontent.com/bobbybark/diamond-exodusredux-repo/master/addons.xml</info>
<checksum>https://raw.githubusercontent.com/bobbybark/diamond-exodusredux-repo/master/addons.xml.md5</checksum>
<datadir zip="true">https://raw.githubusercontent.com/bobbybark/diamond-exodusredux-repo/master/</datadir>
</dir>

<dir>
<info compressed="false">https://raw.githubusercontent.com/teamuniversal/scrapers/master/_modules4all/zips/addons.xml</info>
<checksum>https://raw.githubusercontent.com/teamuniversal/scrapers/master/_modules4all/zips/addons.xml.md5</checksum>
<datadir zip="true">https://raw.githubusercontent.com/teamuniversal/scrapers/master/_modules4all/zips/</datadir>
</dir>
<dir>
<info compressed="false">https://raw.githubusercontent.com/jsergio123/zips/master/addons.xml</info>
<checksum>https://raw.githubusercontent.com/jsergio123/zips/master/addons.xml.md5</checksum>
<datadir zip="true">https://raw.githubusercontent.com/jsergio123/zips/master/</datadir>
</dir>
<dir>
<info compressed="false">https://raw.githubusercontent.com/totalrevolution/python-koding/master/zips/addons.xml</info>
<checksum>https://raw.githubusercontent.com/totalrevolution/python-koding/master/zips/addons.xml.md5</checksum>
<datadir zip="true">https://raw.githubusercontent.com/totalrevolution/python-koding/master/zips/</datadir>
</dir>

<dir>
<info compressed="false">https://raw.githubusercontent.com/a4k-openproject/repository.openscrapers/master/zips/addons.xml</info>
<checksum>https://raw.githubusercontent.com/a4k-openproject/repository.openscrapers/master/zips/addons.xml.md5</checksum>
<datadir zip="true">https://raw.githubusercontent.com/a4k-openproject/repository.openscrapers/master/zips/</datadir>
</dir>

<dir>
<info compressed="false">https://raw.githubusercontent.com/marcelveldt/repository.marcelveldt/master/addons.xml</info>
<checksum>https://raw.githubusercontent.com/marcelveldt/repository.marcelveldt/master/addons.xml.md5</checksum>
<datadir zip="true">https://raw.githubusercontent.com/marcelveldt/repository.marcelveldt/master/</datadir>
</dir>

</extension>
<extension point="xbmc.addon.metadata">
<summary lang="en">Exodus Redux (Diamond Mod) is a educational add-on. We do not host any of the contents streamed.</summary>
<description lang="en"></description>
<platform>all</platform>
</extension>
</addon>
